{
  "status": "ok",
  "totalResults": 34,
  "articles": [
    {
      "source": {
        "id": null,
        "name": "Detik.com"
      },
      "author": "Rachmatunnisa",
      "title": "Inti Bumi Mendingin Lebih Cepat, Pertanda Apa? - detikInet",
      "description": "Inti Bumi, bagian dalam Bumi yang sangat panas, perlahan mendingin. Tapi seberapa cepat tepatnya inti Bumi mendingin, masih belum diketahui. Pertanda apa?",
      "url": "https://inet.detik.com/science/d-5904410/inti-bumi-mendingin-lebih-cepat-pertanda-apa",
      "urlToImage": "https://awsimages.detik.net.id/api/wm/2021/10/29/inti-bumi-1_169.png?wid=54&w=650&v=1&t=jpeg",
      "publishedAt": "2022-01-19T01:17:12Z",
      "content": "Jakarta - Inti Bumi, bagian dalam Bumi yang sangat panas, perlahan mendingin. Tapi seberapa cepat tepatnya inti Bumi mendingin, masih belum diketahui.\r\nDengan mempelajari seberapa baik mineral umum B… [+3720 chars]"
    },
    {
      "source": {
        "id": null,
        "name": "Sindonews.com"
      },
      "author": "Yudi Setyowibowo",
      "title": "Berdampak Buruk di Asia, Ilmuwan Tolak Rencana Modifikasi Radiasi Matahari - SINDOnews Sains",
      "description": "Rencana untuk mendinginkan bumi melalui rekayasa matahai mendapat penolakan dari puluhan ilmuwan di dunia. Karena rencana ini berdampak buruk bagi hutan hujan di...",
      "url": "https://sains.sindonews.com/read/660827/766/berdampak-buruk-di-asia-ilmuwan-tolak-rencana-modifikasi-radiasi-matahari-1642543296",
      "urlToImage": "https://pict-c.sindonews.net/dyn/850/pena/news/2022/01/19/766/660827/berdampak-buruk-di-asia-ilmuwan-tolak-rencana-modifikasi-radiasi-matahari-bza.jpg",
      "publishedAt": "2022-01-18T22:52:53Z",
      "content": "JAKARTA - Rencana untuk mendinginkan bumi melalui rekayasa matahari mendapat penolakan dari puluhan ilmuwan di dunia. Karena rencana ini berdampak buruk bagi hutan hujan di Asia dan mengubah iklim di… [+1294 chars]"
    },
    {
      "source": {
        "id": null,
        "name": "Memo-x.com"
      },
      "author": "Katherine Little",
      "title": "Planet terdistorsi yang aneh dengan gerakan misterius yang ditemukan oleh ekspedisi Khufu di luar tata surya - memo-x",
      "description": "Kesan artistik WASP-103b dan bintang inangnya. Kredit: ESA itu planet ekstrasurya Misi Khufu mengungkapkan bahwa sebuah planet ekstrasurya yang mengorbit",
      "url": "https://memo-x.com/planet-terdistorsi-yang-aneh-dengan-gerakan-misterius-yang-ditemukan-oleh-ekspedisi-khufu-di-luar-tata-surya/",
      "urlToImage": "https://scitechdaily.com/images/Planet-WASP-103b-scaled.jpg",
      "publishedAt": "2022-01-18T22:37:55Z",
      "content": "Kesan artistik WASP-103b dan bintang inangnya. Kredit: ESA\r\nitu planet ekstrasurya Misi Khufu mengungkapkan bahwa sebuah planet ekstrasurya yang mengorbit bintang induknya dalam satu hari memiliki be… [+6838 chars]"
    },
    {
      "source": {
        "id": null,
        "name": "Sriwijayatv.com"
      },
      "author": "Sabrina Watts",
      "title": "NASA selidiki jejak karbon 'tidak biasa' di Mars - Sriwijaya Tv",
      "description": "Penyelidikan Curiosity NASA menangkap selfie ini pada akhir 2020. NASA/JPL-Caltech/MSSS/Kevin M Cerita ini adalah bagian dari Selamat datang di Mars, seri",
      "url": "https://sriwijayatv.com/nasa-selidiki-jejak-karbon-tidak-biasa-di-mars-2/",
      "urlToImage": "https://sriwijayatv.com/wp-content/uploads/2022/01/NASA-selidiki-jejak-karbon-tidak-biasa-di-Mars.jpg",
      "publishedAt": "2022-01-18T20:14:17Z",
      "content": "Penyelidikan Curiosity NASA menangkap selfie ini pada akhir 2020.\r\n NASA/JPL-Caltech/MSSS/Kevin M\r\nCerita ini adalah bagian dari Selamat datang di Mars, seri kami menjelajahi planet merah.\r\nKetika ka… [+3259 chars]"
    },
    {
      "source": {
        "id": null,
        "name": "Republika.co.id"
      },
      "author": "Dwi Murdaningsih",
      "title": "Teleskop Tangkap Objek yang Berkobar Seperti Api Unggun di Luar Angkasa - Republika Online",
      "description": "Tim mengungkapkan detail Nebula Api yang belum pernah dilihat sebelumnya.",
      "url": "https://republika.co.id/berita/r5wpf2368/teleskop-tangkap-objek-yang-berkobar-seperti-api-unggundi-luar-angkasa",
      "urlToImage": "https://static.republika.co.id/uploads/images/inpicture_slide/tim-mengungkapkan-detail-nebula-api-yang-mirip-seperti-api_220118195629-725.png",
      "publishedAt": "2022-01-18T20:07:00Z",
      "content": "Tim mengungkapkan detail Nebula Api yang belum pernah dilihat sebelumnya.\r\n REPUBLIKA.CO.ID, JAKARTA -- Sebuah tim astronom menggunakan teleskop Atacama Pathfinder Experiment (APEX) menangkap daerah … [+2611 chars]"
    },
    {
      "source": {
        "id": null,
        "name": "Cnnindonesia.com"
      },
      "author": "CNN Indonesia",
      "title": "Asteroid Raksasa Dekati Bumi Pagi Ini, Berikut Cara Melacaknya - CNN Indonesia",
      "description": "Meski dimasukkan ke dalam kategori asteroid bahaya, namun asteroid besar ini akan berada dalam jarak yang cukup aman, yakni 1,93 juta kilometer dari Bumi.",
      "url": "https://www.cnnindonesia.com/teknologi/20220118202019-199-748299/asteroid-raksasa-dekati-bumi-pagi-ini-berikut-cara-melacaknya",
      "urlToImage": "https://akcdn.detik.net.id/visual/2021/04/19/ilustrasi-asteroid-2_169.jpeg?w=650",
      "publishedAt": "2022-01-18T18:46:02Z",
      "content": "Jakarta, CNN Indonesia -- Asteroid raksasa (7482) 1994 PC1 melintas dekat dengan Bumi atau Near Earth Object (NEO) hari ini Rabu, pukul 04.51 WIB. NEO merupakan istilah yang digunakan oleh para astro… [+2199 chars]"
    },
    {
      "source": {
        "id": null,
        "name": "Harapanrakyat.com"
      },
      "author": null,
      "title": "Pengertian Bintang Kejora, Cahaya Keperakan yang Stabil dari Venus - HarapanRakyat.com",
      "description": "Pengertian bintang kejora merupakan planet yang paling terang di langit, jadi bukanlah bintang yang sebenarnya.",
      "url": "https://www.harapanrakyat.com/2022/01/pengertian-bintang-kejora/",
      "urlToImage": "https://www.harapanrakyat.com/wp-content/uploads/2022/01/Pengertian-Bintang-Kejora-Cahaya-Keperakan-yang-Stabil-dari-Venus.jpg",
      "publishedAt": "2022-01-18T16:01:45Z",
      "content": "Pengertian bintang kejora menjadi salah satu pembahasan yang menarik. Sebenarnya bintang kejora, bintang pagi, atau Venus bukanlah bintang, melainkan planet. \r\nLantas, mengapa kita menyebutnya bintan… [+4441 chars]"
    },
    {
      "source": {
        "id": null,
        "name": "Manadopedia.com"
      },
      "author": "Infan Kaleel",
      "title": "Korps Astronot NASA Baru untuk Zaman Berikutnya di Luar Angkasa - Manadopedia",
      "description": "Memimpin berita: NASA perlu meningkatkan jumlah astronot di korps aktifnya untuk memenuhi persyaratannya untuk misi bulan, menurut laporan baru dari",
      "url": "https://www.manadopedia.com/korps-astronot-nasa-baru-untuk-zaman-berikutnya-di-luar-angkasa/",
      "urlToImage": "https://www.bollyinside.com/wp-content/uploads/2021/12/Elon-Musk-rejects-mounting-criticism-that-his-satellites-are-obstructing.png",
      "publishedAt": "2022-01-18T13:55:16Z",
      "content": "Memimpin berita: NASA perlu meningkatkan jumlah astronot di korps aktifnya untuk memenuhi persyaratannya untuk misi bulan, menurut laporan baru dari Kantor Inspektur Jenderal NASA. Saat ini, ada 44 a… [+3573 chars]"
    },
    {
      "source": {
        "id": null,
        "name": "Voi.id"
      },
      "author": "Ary Julianto",
      "title": "ISS Kini Dapat Terhubung Langsung dengan Tim di Bumi, Nggak Perlu Lagi Nunggu Berjam-jam - VOI.ID",
      "description": "Stasiun Luar Angkasa Internasional (ISS) kini dapat terhubung secara langsung oleh tim di Bumi, berkat satelit Space Data Highway (SDH) besutan Airbus, perusahaan kedirgantaraan dan dukungan dari European Space Agency (ESA).",
      "url": "https://voi.id/teknologi/125413/iss-kini-dapat-terhubung-langsung-dengan-tim-di-bumi-nggak-perlu-lagi-nunggu-berjam-jam",
      "urlToImage": "https://imgsrv2.voi.id/xD3ZqJYk5blf1ppNNVtoi9SDVb5kNc7UqcwT9MxfooI/rs:fill/w:800/h:450/g:sm/wm:1:nowe:0:0:1/bG9jYWw6Ly8vcHVibGlzaGVycy8xMjU0MTMvMjAyMjAxMTgxNzE3LW1haW4uY3JvcHBlZF8xNjQyNTAxMDQ1LmpwZWc.jpg",
      "publishedAt": "2022-01-18T13:05:00Z",
      "content": "JAKARTA - Stasiun Luar Angkasa Internasional (ISS) kini dapat terhubung secara langsung oleh tim di Bumi, berkat satelit Space Data Highway (SDH) besutan Airbus, perusahaan kedirgantaraan dan dukunga… [+2660 chars]"
    },
    {
      "source": {
        "id": null,
        "name": "Hitekno.com"
      },
      "author": "Agung Pratnyawan",
      "title": "Ditemukan Exomoon Kedua di Luar Tata Surya, Berukuran Raksasa! - Hitekno.com - hitekno.com",
      "description": "Exomoon potensial itu diduga mengorbit Kepler 1708b, sebuah planet yang berukuran seperti Jupiter dan berjarak 5.500 tahun cahaya.",
      "url": "https://www.hitekno.com/sains/2022/01/18/163955/ditemukan-exomoon-kedua-di-luar-tata-surya-berukuran-raksasa",
      "urlToImage": "https://media.hitekno.com/thumbs/2020/08/04/20680-ilustrasi-exoplanet-pixabay-chadonihi/730x480-img-20680-ilustrasi-exoplanet-pixabay-chadonihi.jpg",
      "publishedAt": "2022-01-18T09:37:30Z",
      "content": "Hitekno.com - Para astronom telah menemukan exomoon atau eksobulan kedua di luar tata surya. Menariknya, exomoon ini memiliki ukuran yang sangat besaar.\r\nExomoon sendiri adalah satelit alami atau bul… [+1501 chars]"
    },
    {
      "source": {
        "id": null,
        "name": "Sukabumiupdate.com"
      },
      "author": null,
      "title": "Semakin Menjauh, Apa yang Terjadi Jika Bulan Menghilang? - sukabumiupdate",
      "description": "Bulan setiap tahunnya terus menjauh sepanjang 3 cm dari Bumi, diprediksi di masa depan Bumi akan kehilangan Bulan.",
      "url": "https://sukabumiupdate.com/posts/94048/semakin-menjauh-apa-yang-terjadi-jika-bulan-menghilang",
      "urlToImage": "https://sukabumiupdate.com/uploads/news/images/770x413/_220118145046-103.jpg",
      "publishedAt": "2022-01-18T08:30:00Z",
      "content": "SUKABUMIUPDATE.com - Bulan merupakan satelit alami satu-satunya yang dimiliki oleh Bumi. Meski tidak memiliki kehidupan, Bulan tetap memiliki peran yang sangat penting bagi kehidupan di Bumi.\r\nNamun … [+3531 chars]"
    },
    {
      "source": {
        "id": null,
        "name": "Kompas.com"
      },
      "author": "Silmi Nurul Utami",
      "title": "Biomolekul: Pengertian dan Jenis-jenisnya - Kompas.com - KOMPAS.com",
      "description": "Biomolekul adalah molekul yang terbentuk dari molekul organik dan dihasilkan oleh makhluk hidup. Berikut adalah contoh biomolekul!",
      "url": "https://www.kompas.com/skola/read/2022/01/18/130343169/biomolekul-pengertian-dan-jenis-jenisnya",
      "urlToImage": "https://asset.kompas.com/crops/wAgZdYtcG0YSDAO9etxcEjADZbU=/0x8:1920x1288/780x390/data/photo/2022/01/18/61e656d3d180a.jpg",
      "publishedAt": "2022-01-18T06:03:00Z",
      "content": null
    },
    {
      "source": {
        "id": null,
        "name": "Republika.co.id"
      },
      "author": "Dwi Murdaningsih",
      "title": "Peneliti Sebut Matahari Mungkin Pernah Memiliki Cincin Seperti Saturnus - Republika Online",
      "description": "Ilmuwan menyebut tanpa cincin matahari, kehidupan di Bumi mungkin tidak berkembang.",
      "url": "https://www.republika.co.id/berita/r5vyvq368/peneliti-sebut-matahari-mungkin-pernah-memiliki-cincin-seperti-saturnus",
      "urlToImage": "https://static.republika.co.id/uploads/images/inpicture_slide/matahari-ilustrasi-_160718093508-290.jpg",
      "publishedAt": "2022-01-18T04:16:00Z",
      "content": "“Di tata surya, sesuatu terjadi untuk mencegah Bumi tumbuh menjadi jenis planet terestrial yang jauh lebih besar yang disebut Super-Bumi,” kata penulis utama Dr. Andre Izidoro dalam rilis universitas… [+1350 chars]"
    },
    {
      "source": {
        "id": null,
        "name": "Grid.id"
      },
      "author": null,
      "title": "5 Hal yang Bisa Turunkan Hasrat Seksual, Waspada Ganggu Hubungan Intim - Nova",
      "description": "Ada 5 hal yang bisa mengganggu hasrat seksual seseorang,s alah satunya karena trauma. Berikut penjelasannya.",
      "url": "https://nova.grid.id/read/053098437/5-hal-yang-bisa-turunkan-hasrat-seksual-waspada-ganggu-hubungan-intim",
      "urlToImage": "https://asset-a.grid.id/crop/0x0:0x0/700x465/photo/2021/10/27/istock-1207179267jpg-20211027034810.jpg",
      "publishedAt": "2022-01-18T04:01:00Z",
      "content": "NOVA.id - Salah satu faktor yang mengurangi keintiman dengan pasangan ialah menurunnya hasrat seksual. \r\nHasrat seksual yang menurun berpengaruh pada hubungan intim yang dijalani dnegan pasangan.\r\nGa… [+2086 chars]"
    },
    {
      "source": {
        "id": null,
        "name": "Priangannews.com"
      },
      "author": "Abdulmalik Hammoud",
      "title": "Peta 3D terbesar alam semesta mulai mengungkapkan kisah ekspansinya - Priangan News",
      "description": "⇧. Anda mungkin juga menyukai konten mitra ini (setelah iklan) The Dark Energy Spectrographic Instrument (DESI) baru saja menyelesaikan tujuh bulan",
      "url": "https://www.priangannews.com/peta-3d-terbesar-alam-semesta-mulai-mengungkapkan-kisah-ekspansinya/",
      "urlToImage": "https://trustmyscience.com/wp-content/uploads/2022/01/plus-grande-carte-3d-univers-commence-reveler-histoire-son-expansion-couv.jpg",
      "publishedAt": "2022-01-18T02:35:16Z",
      "content": ". [VIDÉO] Anda mungkin juga menyukai konten mitra ini (setelah iklan)\r\nThe Dark Energy Spectrographic Instrument (DESI) baru saja menyelesaikan tujuh bulan pertama misi udaranya. Hal ini memungkinkan… [+4639 chars]"
    },
    {
      "source": {
        "id": null,
        "name": "Grid.id"
      },
      "author": null,
      "title": "Hasil Studi: Produksi Hidrogen Gunakan Panas Matahari & Serpihan Kayu - National Geographic",
      "description": "Tim peneliti mengembangkan desain pabrik hidrogen baru, memanfaatkan sumber daya alam terbarukan guna meminimalisir emisi karbon.",
      "url": "https://nationalgeographic.grid.id/read/133098618/hasil-studi-produksi-hidrogen-gunakan-panas-matahari-serpihan-kayu",
      "urlToImage": "https://asset-a.grid.id/crop/0x0:0x0/700x465/photo/2022/01/18/pemodelanjpg-20220118013148.jpg",
      "publishedAt": "2022-01-18T02:00:00Z",
      "content": "Nationalgeographic.co.id—Beragam upaya kini tengah dilakukan guna mengatasi pemanasan global dan dampak yang ditimbulkan. Salah satu cara yang dianggap efektif adalah mengganti bahan bakar fosil deng… [+2926 chars]"
    },
    {
      "source": {
        "id": null,
        "name": "Cnnindonesia.com"
      },
      "author": "CNN Indonesia",
      "title": "Perjalanan Luar Angkasa Sebabkan Anemia - CNN Indonesia",
      "description": "Sebuah studi mengungkap perjalanan ke luar angkasa ternyata berpengaruh terhadap kesehatan manusia, di antaranya kekurangan jumlah sel darah merah atau anemia.",
      "url": "https://www.cnnindonesia.com/teknologi/20220118074924-199-747895/perjalanan-luar-angkasa-sebabkan-anemia",
      "urlToImage": "https://akcdn.detik.net.id/visual/2021/12/06/kala-astronot-menyusuri-transportasi-turki-1_169.jpeg?w=650",
      "publishedAt": "2022-01-18T01:42:04Z",
      "content": "Jakarta, CNN Indonesia -- Sebuah studi mengungkap perjalanan ke luar angkasa ternyata berpengaruh terhadap kesehatan manusia, di antaranya kekurangan jumlah sel darah merah atau anemia.\r\nBelakangan p… [+2684 chars]"
    },
    {
      "source": {
        "id": null,
        "name": "Balicitizen.com"
      },
      "author": "Harley Chandler",
      "title": "SpaceX menyiapkan booster Falcon 9 keempat untuk peluncuran dan pendaratan kesepuluh [webcast] - BALICITIZEN.COM",
      "description": "untuk memperbaharui: SpaceX telah menunda peluncuran ke-10 Starlink 4-6 dan Falcon 9 B1060 dan mendarat hingga 19:04 EDT, Selasa 18 Januari (00:04 UTC 19",
      "url": "https://balicitizen.com/spacex-menyiapkan-booster-falcon-9-keempat-untuk-peluncuran-dan-pendaratan-kesepuluh-webcast/",
      "urlToImage": "https://www.teslarati.com/wp-content/uploads/2020/09/Starlink-11-Falcon-9-B1060-LC-39A-083120-Richard-Angle-3-crop-1-c-1024x513.jpg",
      "publishedAt": "2022-01-17T22:53:48Z",
      "content": "untuk memperbaharui: SpaceX telah menunda peluncuran ke-10 Starlink 4-6 dan Falcon 9 B1060 dan mendarat hingga 19:04 EDT, Selasa 18 Januari (00:04 UTC 19 Januari) untuk “kondisi cuaca yang lebih baik… [+5046 chars]"
    },
    {
      "source": {
        "id": null,
        "name": "Celebestopnews.com"
      },
      "author": null,
      "title": "Setelah jeda untuk ditinjau, ESA melanjutkan pengembangan teleskop luar angkasa pemburu planet - Celebes Top News",
      "description": "Pekan lalu, Plato, negara pemburu planet dari Badan Antariksa Eropa (ESA), menerima lampu hijau untuk melanjutkan pengembangannya setelah meninjau tonggak penting yang harus diselesaikan dengan sukses. Menurut ESA, tinjauan tersebut memverifikasi kematangan s…",
      "url": "https://celebestopnews.com/2022/01/17/setelah-jeda-untuk-ditinjau-esa-melanjutkan-pengembangan-teleskop-luar-angkasa-pemburu-planet/",
      "urlToImage": "https://img.olhardigital.com.br/wp-content/uploads/2022/01/Platao-ESA-1024x576.jpg",
      "publishedAt": "2022-01-17T17:39:47Z",
      "content": "Pekan lalu, Plato, negara pemburu planet dari Badan Antariksa Eropa (ESA), menerima lampu hijau untuk melanjutkan pengembangannya setelah meninjau tonggak penting yang harus diselesaikan dengan sukse… [+4179 chars]"
    },
    {
      "source": {
        "id": null,
        "name": "Sriwijayatv.com"
      },
      "author": "Sabrina Watts",
      "title": "Kuncup bunga membatu tertua di dunia dapat memecahkan misteri kebencian Charles Darwin - Sriwijaya Tv",
      "description": "Kuncup bunga fosil tertua di dunia dapat memecahkan 'teka-teki kebencian' Charles Darwin: penemuan berusia 130 juta tahun menunjukkan bahwa tanaman",
      "url": "https://sriwijayatv.com/kuncup-bunga-membatu-tertua-di-dunia-dapat-memecahkan-misteri-kebencian-charles-darwin/",
      "urlToImage": "https://sriwijayatv.com/wp-content/uploads/2022/01/Kuncup-bunga-membatu-tertua-di-dunia-dapat-memecahkan-misteri-kebencian.jpg",
      "publishedAt": "2022-01-17T17:32:55Z",
      "content": "Fosil kuncup bunga berusia 130 juta tahun yang ditemukan di Cina mungkin memecahkan ‘teka-teki kebencian’ Charles Darwin yang bertanya-tanya kapan dan bagaimana tanaman berbunga pertama berevolusi.\r\n… [+5105 chars]"
    }
  ]
}